Region,Date,Frequency,Estimated Unemployment Rate (%),Estimated Employed,Estimated Labour Participation Rate (%)
Andhra Pradesh,2019-01-01,Monthly,4.15,53596139.0,60.54
Andhra Pradesh,2019-02-01,Monthly,4.04,54265057.0,60.9
Andhra Pradesh,2019-03-01,Monthly,4.64,54588250.0,61.23
Andhra Pradesh,2019-04-01,Monthly,4.31,53921816.0,60.77
Andhra Pradesh,2019-05-01,Monthly,4.09,54093995.0,60.71
Andhra Pradesh,2019-06-01,Monthly,3.54,53578514.0,60.86
Andhra Pradesh,2019-07-01,Monthly,4.03,53877119.0,61.11
Andhra Pradesh,2019-08-01,Monthly,3.51,54808995.0,61.3
Andhra Pradesh,2019-09-01,Monthly,3.72,53355596.0,61.02
Andhra Pradesh,2019-10-01,Monthly,3.7,54386562.0,61.15
Andhra Pradesh,2019-11-01,Monthly,3.74,53750196.0,60.45
Andhra Pradesh,2019-12-01,Monthly,3.85,55361643.0,60.81
Andhra Pradesh,2020-01-01,Monthly,3.84,54288912.0,61.21
Andhra Pradesh,2020-02-01,Monthly,4.67,54084872.0,61.21
Andhra Pradesh,2020-03-01,Monthly,8.1,51966247.0,60.49
Andhra Pradesh,2020-04-01,Monthly,8.17,51777713.0,60.32
Andhra Pradesh,2020-05-01,Monthly,8.92,51498917.0,60.25
Andhra Pradesh,2020-06-01,Monthly,7.37,52570004.0,60.44
Andhra Pradesh,2020-07-01,Monthly,7.89,51291094.0,59.75
Andhra Pradesh,2020-08-01,Monthly,8.28,50845474.0,59.87
Andhra Pradesh,2020-09-01,Monthly,5.47,53885161.0,60.44
Andhra Pradesh,2020-10-01,Monthly,5.32,53665167.0,60.24
Andhra Pradesh,2020-11-01,Monthly,5.19,52802888.0,60.61
Andhra Pradesh,2020-12-01,Monthly,5.52,53106638.0,60.32
Andhra Pradesh,2021-01-01,Monthly,5.49,53235886.0,60.6
Andhra Pradesh,2021-02-01,Monthly,5.48,52649166.0,60.63
Andhra Pradesh,2021-03-01,Monthly,5.44,54013504.0,60.92
Andhra Pradesh,2021-04-01,Monthly,5.36,53200856.0,60.82
Andhra Pradesh,2021-05-01,Monthly,5.86,53267583.0,60.64
Andhra Pradesh,2021-06-01,Monthly,5.1,53668282.0,60.14
Andhra Pradesh,2021-07-01,Monthly,4.9,54742746.0,60.98
Andhra Pradesh,2021-08-01,Monthly,4.58,53105533.0,60.51
Andhra Pradesh,2021-09-01,Monthly,4.16,53556478.0,60.22
Andhra Pradesh,2021-10-01,Monthly,4.58,53580893.0,60.45
Andhra Pradesh,2021-11-01,Monthly,4.07,53474141.0,61.12
Andhra Pradesh,2021-12-01,Monthly,5.14,53335193.0,60.42
Assam,2019-01-01,Monthly,3.47,52628340.0,60.62
Assam,2019-02-01,Monthly,3.7,52018932.0,60.43
Assam,2019-03-01,Monthly,3.25,52190057.0,60.48
Assam,2019-04-01,Monthly,3.52,52469124.0,60.17
Assam,2019-05-01,Monthly,3.53,52278802.0,60.1
Assam,2019-06-01,Monthly,3.23,51716430.0,60.39
Assam,2019-07-01,Monthly,2.6,53157973.0,60.16
Assam,2019-08-01,Monthly,2.65,52798500.0,59.66
Assam,2019-09-01,Monthly,2.43,53140782.0,60.5
Assam,2019-10-01,Monthly,2.68,51917483.0,60.41
Assam,2019-11-01,Monthly,2.95,52542518.0,60.6
Assam,2019-12-01,Monthly,2.92,52164081.0,59.49
Assam,2020-01-01,Monthly,3.49,52475940.0,59.73
Assam,2020-02-01,Monthly,3.14,51809489.0,60.48
Assam,2020-03-01,Monthly,6.51,49827115.0,59.29
Assam,2020-04-01,Monthly,6.42,49428453.0,59.26
Assam,2020-05-01,Monthly,7.86,49596438.0,59.35
Assam,2020-06-01,Monthly,7.42,50466467.0,59.88
Assam,2020-07-01,Monthly,6.7,49838285.0,59.25
Assam,2020-08-01,Monthly,7.07,49608729.0,59.28
Assam,2020-09-01,Monthly,5.51,50732175.0,59.45
Assam,2020-10-01,Monthly,4.93,50910109.0,59.58
Assam,2020-11-01,Monthly,4.75,52434764.0,59.73
Assam,2020-12-01,Monthly,4.67,51677510.0,60.23
Assam,2021-01-01,Monthly,4.73,51041552.0,59.53
Assam,2021-02-01,Monthly,4.84,50924919.0,59.94
Assam,2021-03-01,Monthly,4.58,51651637.0,60.01
Assam,2021-04-01,Monthly,4.95,52115607.0,60.1
Assam,2021-05-01,Monthly,4.52,52597152.0,60.2
Assam,2021-06-01,Monthly,4.26,52118434.0,60.11
Assam,2021-07-01,Monthly,4.22,52020421.0,60.31
Assam,2021-08-01,Monthly,3.89,51644919.0,60.17
Assam,2021-09-01,Monthly,3.65,52015253.0,60.37
Assam,2021-10-01,Monthly,3.09,52423467.0,60.23
Assam,2021-11-01,Monthly,3.61,52079539.0,59.68
Assam,2021-12-01,Monthly,3.99,52698334.0,60.15
Bihar,2019-01-01,Monthly,4.11,51387659.0,58.68
Bihar,2019-02-01,Monthly,4.12,51106399.0,58.74
Bihar,2019-03-01,Monthly,4.1,51855177.0,58.77
Bihar,2019-04-01,Monthly,4.24,51045259.0,58.53
Bihar,2019-05-01,Monthly,3.7,51195517.0,58.29
Bihar,2019-06-01,Monthly,3.95,51497293.0,58.65
Bihar,2019-07-01,Monthly,3.4,51670815.0,59.34
Bihar,2019-08-01,Monthly,3.2,51320024.0,58.76
Bihar,2019-09-01,Monthly,2.69,51704004.0,58.49
Bihar,2019-10-01,Monthly,3.06,51899109.0,58.62
Bihar,2019-11-01,Monthly,3.08,51248761.0,57.74
Bihar,2019-12-01,Monthly,3.75,51613675.0,58.37
Bihar,2020-01-01,Monthly,4.05,50730776.0,58.31
Bihar,2020-02-01,Monthly,4.21,50954487.0,58.58
Bihar,2020-03-01,Monthly,9.21,48109643.0,57.42
Bihar,2020-04-01,Monthly,8.45,48676070.0,57.51
Bihar,2020-05-01,Monthly,9.02,48971312.0,57.89
Bihar,2020-06-01,Monthly,7.45,48517589.0,57.73
Bihar,2020-07-01,Monthly,7.94,48595718.0,57.3
Bihar,2020-08-01,Monthly,7.55,49291507.0,57.9
Bihar,2020-09-01,Monthly,4.79,49349886.0,58.1
Bihar,2020-10-01,Monthly,5.27,49986991.0,58.21
Bihar,2020-11-01,Monthly,5.33,50503985.0,58.27
Bihar,2020-12-01,Monthly,4.45,51486105.0,58.15
Bihar,2021-01-01,Monthly,5.09,49713878.0,58.76
Bihar,2021-02-01,Monthly,5.68,50908833.0,57.95
Bihar,2021-03-01,Monthly,5.59,50270533.0,59.0
Bihar,2021-04-01,Monthly,5.33,50639725.0,58.58
Bihar,2021-05-01,Monthly,5.18,50254300.0,58.49
Bihar,2021-06-01,Monthly,4.66,50693134.0,58.41
Bihar,2021-07-01,Monthly,4.15,51193840.0,58.04
Bihar,2021-08-01,Monthly,3.94,51459470.0,58.78
Bihar,2021-09-01,Monthly,4.14,51604832.0,58.76
Bihar,2021-10-01,Monthly,4.01,50474057.0,58.27
Bihar,2021-11-01,Monthly,4.25,51526441.0,58.63
Bihar,2021-12-01,Monthly,4.55,51944732.0,59.06
Delhi,2019-01-01,Monthly,4.67,53864718.0,55.51
Delhi,2019-02-01,Monthly,4.9,53796636.0,55.12
Delhi,2019-03-01,Monthly,4.99,53972362.0,55.26
Delhi,2019-04-01,Monthly,4.76,53897176.0,55.42
Delhi,2019-05-01,Monthly,4.78,54810653.0,55.25
Delhi,2019-06-01,Monthly,4.04,53880626.0,55.7
Delhi,2019-07-01,Monthly,4.02,54555347.0,55.09
Delhi,2019-08-01,Monthly,4.03,53598991.0,56.0
Delhi,2019-09-01,Monthly,4.22,53545388.0,55.32
Delhi,2019-10-01,Monthly,4.06,53708356.0,55.47
Delhi,2019-11-01,Monthly,4.08,52868880.0,55.48
Delhi,2019-12-01,Monthly,4.18,53482155.0,55.92
Delhi,2020-01-01,Monthly,4.32,54035319.0,55.4
Delhi,2020-02-01,Monthly,4.7,53950698.0,55.59
Delhi,2020-03-01,Monthly,9.31,50916756.0,54.26
Delhi,2020-04-01,Monthly,8.03,52930110.0,55.16
Delhi,2020-05-01,Monthly,8.49,51167052.0,54.54
Delhi,2020-06-01,Monthly,9.35,50769443.0,54.62
Delhi,2020-07-01,Monthly,7.92,51607926.0,55.06
Delhi,2020-08-01,Monthly,7.47,51681904.0,54.59
Delhi,2020-09-01,Monthly,6.23,52584880.0,54.89
Delhi,2020-10-01,Monthly,6.22,52932410.0,54.81
Delhi,2020-11-01,Monthly,5.14,53433073.0,55.26
Delhi,2020-12-01,Monthly,5.63,52797109.0,54.92
Delhi,2021-01-01,Monthly,5.79,52147182.0,54.82
Delhi,2021-02-01,Monthly,5.97,52205919.0,55.1
Delhi,2021-03-01,Monthly,5.97,53072195.0,54.63
Delhi,2021-04-01,Monthly,6.23,53776574.0,55.37
Delhi,2021-05-01,Monthly,5.86,52207360.0,55.53
Delhi,2021-06-01,Monthly,5.45,52514458.0,55.28
Delhi,2021-07-01,Monthly,5.1,52775964.0,55.4
Delhi,2021-08-01,Monthly,4.52,53856897.0,55.26
Delhi,2021-09-01,Monthly,4.01,53624950.0,55.33
Delhi,2021-10-01,Monthly,4.6,54112166.0,55.61
Delhi,2021-11-01,Monthly,4.94,53523549.0,55.47
Delhi,2021-12-01,Monthly,5.08,53862317.0,55.16
Goa,2019-01-01,Monthly,5.24,49979619.0,60.46
Goa,2019-02-01,Monthly,5.21,49417714.0,60.92
Goa,2019-03-01,Monthly,5.5,49234626.0,60.68
Goa,2019-04-01,Monthly,5.5,49943870.0,60.27
Goa,2019-05-01,Monthly,5.09,49418661.0,60.45
Goa,2019-06-01,Monthly,5.08,50005168.0,60.68
Goa,2019-07-01,Monthly,5.0,50301521.0,60.52
Goa,2019-08-01,Monthly,4.31,49673007.0,60.48
Goa,2019-09-01,Monthly,4.64,50043410.0,60.37
Goa,2019-10-01,Monthly,4.4,49995492.0,60.83
Goa,2019-11-01,Monthly,5.05,49854191.0,60.55
Goa,2019-12-01,Monthly,4.73,50826672.0,60.14
Goa,2020-01-01,Monthly,5.46,49574408.0,60.38
Goa,2020-02-01,Monthly,5.19,50888895.0,60.63
Goa,2020-03-01,Monthly,10.4,48727468.0,58.97
Goa,2020-04-01,Monthly,10.43,46100288.0,59.54
Goa,2020-05-01,Monthly,8.21,48062293.0,59.49
Goa,2020-06-01,Monthly,8.47,48459498.0,59.75
Goa,2020-07-01,Monthly,8.4,47865790.0,59.59
Goa,2020-08-01,Monthly,9.05,47788839.0,59.73
Goa,2020-09-01,Monthly,6.58,49452618.0,59.93
Goa,2020-10-01,Monthly,6.44,49235933.0,60.27
Goa,2020-11-01,Monthly,6.41,49630503.0,60.55
Goa,2020-12-01,Monthly,6.63,48974450.0,60.37
Goa,2021-01-01,Monthly,6.7,49713524.0,60.12
Goa,2021-02-01,Monthly,6.7,48474375.0,59.92
Goa,2021-03-01,Monthly,7.11,48661378.0,60.36
Goa,2021-04-01,Monthly,6.2,49042101.0,60.5
Goa,2021-05-01,Monthly,6.36,48241293.0,60.69
Goa,2021-06-01,Monthly,6.38,49538282.0,60.36
Goa,2021-07-01,Monthly,5.76,50096490.0,60.6
Goa,2021-08-01,Monthly,5.7,49172798.0,60.5
Goa,2021-09-01,Monthly,5.33,49144001.0,60.2
Goa,2021-10-01,Monthly,5.12,49670153.0,60.92
Goa,2021-11-01,Monthly,4.98,49539098.0,60.02
Goa,2021-12-01,Monthly,5.87,49619311.0,60.16
Gujarat,2019-01-01,Monthly,4.92,54598093.0,58.63
Gujarat,2019-02-01,Monthly,4.78,55972596.0,58.61
Gujarat,2019-03-01,Monthly,5.2,54779291.0,59.03
Gujarat,2019-04-01,Monthly,5.34,55374730.0,58.76
Gujarat,2019-05-01,Monthly,4.96,55158988.0,58.86
Gujarat,2019-06-01,Monthly,5.07,55363185.0,59.16
Gujarat,2019-07-01,Monthly,4.63,55804435.0,58.99
Gujarat,2019-08-01,Monthly,4.05,55490747.0,58.74
Gujarat,2019-09-01,Monthly,4.14,55610880.0,59.31
Gujarat,2019-10-01,Monthly,4.32,55445319.0,59.45
Gujarat,2019-11-01,Monthly,4.54,56518539.0,59.11
Gujarat,2019-12-01,Monthly,4.39,55494369.0,59.05
Gujarat,2020-01-01,Monthly,5.25,55354289.0,58.9
Gujarat,2020-02-01,Monthly,4.93,54839981.0,58.68
Gujarat,2020-03-01,Monthly,9.9,51457359.0,58.23
Gujarat,2020-04-01,Monthly,8.84,53517179.0,58.08
Gujarat,2020-05-01,Monthly,8.81,51999472.0,57.98
Gujarat,2020-06-01,Monthly,9.33,53129199.0,57.87
Gujarat,2020-07-01,Monthly,8.93,53082861.0,58.49
Gujarat,2020-08-01,Monthly,7.17,52724213.0,58.72
Gujarat,2020-09-01,Monthly,6.77,53403298.0,59.1
Gujarat,2020-10-01,Monthly,5.72,55183046.0,59.25
Gujarat,2020-11-01,Monthly,6.48,54699522.0,58.42
Gujarat,2020-12-01,Monthly,6.53,53733569.0,58.61
Gujarat,2021-01-01,Monthly,6.39,53991987.0,58.99
Gujarat,2021-02-01,Monthly,6.69,53547431.0,58.61
Gujarat,2021-03-01,Monthly,6.27,54131927.0,58.84
Gujarat,2021-04-01,Monthly,6.28,53607561.0,59.22
Gujarat,2021-05-01,Monthly,6.17,54399506.0,59.03
Gujarat,2021-06-01,Monthly,5.71,55441811.0,59.2
Gujarat,2021-07-01,Monthly,5.06,54124051.0,58.61
Gujarat,2021-08-01,Monthly,5.44,54865978.0,58.7
Gujarat,2021-09-01,Monthly,5.21,54766878.0,58.68
Gujarat,2021-10-01,Monthly,5.41,54096993.0,57.87
Gujarat,2021-11-01,Monthly,5.08,54700418.0,57.97
Gujarat,2021-12-01,Monthly,5.55,54313969.0,58.91
Haryana,2019-01-01,Monthly,3.65,56566594.0,59.48
Haryana,2019-02-01,Monthly,4.26,56043499.0,59.23
Haryana,2019-03-01,Monthly,4.01,55845102.0,58.61
Haryana,2019-04-01,Monthly,4.25,56742161.0,58.93
Haryana,2019-05-01,Monthly,3.79,56035940.0,59.18
Haryana,2019-06-01,Monthly,3.2,56192406.0,59.57
Haryana,2019-07-01,Monthly,3.89,56804260.0,59.43
Haryana,2019-08-01,Monthly,3.09,56380221.0,59.68
Haryana,2019-09-01,Monthly,3.18,56389363.0,59.09
Haryana,2019-10-01,Monthly,3.16,56413524.0,59.39
Haryana,2019-11-01,Monthly,3.33,56801818.0,59.01
Haryana,2019-12-01,Monthly,3.84,57896300.0,59.75
Haryana,2020-01-01,Monthly,3.92,56848024.0,59.09
Haryana,2020-02-01,Monthly,3.74,56720788.0,59.23
Haryana,2020-03-01,Monthly,7.91,53197519.0,58.75
Haryana,2020-04-01,Monthly,7.13,54735539.0,59.03
Haryana,2020-05-01,Monthly,8.16,53577728.0,58.6
Haryana,2020-06-01,Monthly,7.48,54221199.0,58.54
Haryana,2020-07-01,Monthly,7.19,55095043.0,58.64
Haryana,2020-08-01,Monthly,6.63,55223317.0,58.98
Haryana,2020-09-01,Monthly,5.38,56132699.0,58.15
Haryana,2020-10-01,Monthly,4.78,55115721.0,59.42
Haryana,2020-11-01,Monthly,4.94,55820557.0,59.51
Haryana,2020-12-01,Monthly,4.55,55783783.0,59.06
Haryana,2021-01-01,Monthly,5.29,55833479.0,58.99
Haryana,2021-02-01,Monthly,5.76,56058548.0,59.12
Haryana,2021-03-01,Monthly,5.52,55220719.0,58.97
Haryana,2021-04-01,Monthly,5.19,54151865.0,59.21
Haryana,2021-05-01,Monthly,4.81,55406046.0,59.14
Haryana,2021-06-01,Monthly,4.82,55368850.0,59.59
Haryana,2021-07-01,Monthly,4.31,55804045.0,59.15
Haryana,2021-08-01,Monthly,4.38,56500693.0,59.17
Haryana,2021-09-01,Monthly,3.86,55676562.0,59.59
Haryana,2021-10-01,Monthly,4.02,55873885.0,59.67
Haryana,2021-11-01,Monthly,4.34,57194741.0,58.93
Haryana,2021-12-01,Monthly,3.93,57105766.0,59.57
Himachal Pradesh,2019-01-01,Monthly,5.51,55288781.0,60.06
Himachal Pradesh,2019-02-01,Monthly,5.88,56503526.0,60.39
Himachal Pradesh,2019-03-01,Monthly,6.1,55074204.0,59.73
Himachal Pradesh,2019-04-01,Monthly,5.64,55621745.0,59.08
Himachal Pradesh,2019-05-01,Monthly,5.57,55401713.0,59.45
Himachal Pradesh,2019-06-01,Monthly,5.57,55085500.0,59.98
Himachal Pradesh,2019-07-01,Monthly,5.72,54949568.0,59.86
Himachal Pradesh,2019-08-01,Monthly,4.89,55527292.0,60.13
Himachal Pradesh,2019-09-01,Monthly,5.13,56240890.0,59.69
Himachal Pradesh,2019-10-01,Monthly,5.46,54943155.0,59.59
Himachal Pradesh,2019-11-01,Monthly,5.19,55799768.0,60.05
Himachal Pradesh,2019-12-01,Monthly,5.72,55595146.0,59.94
Himachal Pradesh,2020-01-01,Monthly,5.54,55849236.0,59.81
Himachal Pradesh,2020-02-01,Monthly,5.78,55753608.0,60.21
Himachal Pradesh,2020-03-01,Monthly,10.13,52864381.0,59.45
Himachal Pradesh,2020-04-01,Monthly,9.64,52816698.0,58.46
Himachal Pradesh,2020-05-01,Monthly,9.26,54231636.0,59.28
Himachal Pradesh,2020-06-01,Monthly,9.13,53840607.0,59.18
Himachal Pradesh,2020-07-01,Monthly,9.11,53777863.0,59.15
Himachal Pradesh,2020-08-01,Monthly,9.13,53767150.0,59.08
Himachal Pradesh,2020-09-01,Monthly,7.31,53936991.0,59.65
Himachal Pradesh,2020-10-01,Monthly,6.24,55723043.0,59.74
Himachal Pradesh,2020-11-01,Monthly,7.34,54314004.0,59.43
Himachal Pradesh,2020-12-01,Monthly,6.81,54482990.0,59.42
Himachal Pradesh,2021-01-01,Monthly,7.4,55292879.0,59.71
Himachal Pradesh,2021-02-01,Monthly,7.43,54222026.0,59.51
Himachal Pradesh,2021-03-01,Monthly,7.1,55276051.0,59.79
Himachal Pradesh,2021-04-01,Monthly,6.86,54956925.0,60.49
Himachal Pradesh,2021-05-01,Monthly,6.91,55177831.0,59.8
Himachal Pradesh,2021-06-01,Monthly,6.68,55045587.0,59.32
Himachal Pradesh,2021-07-01,Monthly,6.57,54841046.0,59.39
Himachal Pradesh,2021-08-01,Monthly,6.21,56343079.0,59.81
Himachal Pradesh,2021-09-01,Monthly,5.72,55137990.0,59.43
Himachal Pradesh,2021-10-01,Monthly,5.5,55199874.0,59.92
Himachal Pradesh,2021-11-01,Monthly,5.77,56184679.0,59.69
Himachal Pradesh,2021-12-01,Monthly,5.59,55361036.0,59.41
Jharkhand,2019-01-01,Monthly,2.75,48996729.0,55.27
Jharkhand,2019-02-01,Monthly,2.79,47340050.0,55.24
Jharkhand,2019-03-01,Monthly,2.64,47310630.0,55.74
Jharkhand,2019-04-01,Monthly,3.24,47923315.0,55.14
Jharkhand,2019-05-01,Monthly,2.8,49234725.0,55.4
Jharkhand,2019-06-01,Monthly,2.73,48059498.0,55.29
Jharkhand,2019-07-01,Monthly,2.42,48323774.0,54.71
Jharkhand,2019-08-01,Monthly,2.37,48026365.0,55.91
Jharkhand,2019-09-01,Monthly,2.18,48396213.0,55.41
Jharkhand,2019-10-01,Monthly,2.09,48090715.0,55.34
Jharkhand,2019-11-01,Monthly,2.47,48028462.0,55.09
Jharkhand,2019-12-01,Monthly,2.47,48636732.0,55.71
Jharkhand,2020-01-01,Monthly,2.87,48351383.0,55.09
Jharkhand,2020-02-01,Monthly,3.15,48263390.0,55.06
Jharkhand,2020-03-01,Monthly,7.65,45251188.0,54.74
Jharkhand,2020-04-01,Monthly,6.54,46554987.0,54.41
Jharkhand,2020-05-01,Monthly,7.56,45365777.0,54.58
Jharkhand,2020-06-01,Monthly,6.26,45758164.0,54.34
Jharkhand,2020-07-01,Monthly,7.21,45618231.0,54.05
Jharkhand,2020-08-01,Monthly,6.12,46784540.0,54.2
Jharkhand,2020-09-01,Monthly,4.62,47203474.0,54.78
Jharkhand,2020-10-01,Monthly,3.39,46414387.0,55.52
Jharkhand,2020-11-01,Monthly,4.12,46907411.0,55.0
Jharkhand,2020-12-01,Monthly,3.85,47093144.0,55.05
Jharkhand,2021-01-01,Monthly,4.33,47200882.0,54.52
Jharkhand,2021-02-01,Monthly,4.25,46722800.0,55.37
Jharkhand,2021-03-01,Monthly,4.16,48068344.0,55.32
Jharkhand,2021-04-01,Monthly,3.94,47236328.0,55.07
Jharkhand,2021-05-01,Monthly,4.01,46958393.0,55.2
Jharkhand,2021-06-01,Monthly,4.23,46611539.0,54.75
Jharkhand,2021-07-01,Monthly,3.59,47514327.0,55.05
Jharkhand,2021-08-01,Monthly,3.2,48722863.0,55.15
Jharkhand,2021-09-01,Monthly,3.49,47366583.0,55.33
Jharkhand,2021-10-01,Monthly,2.71,47942105.0,55.46
Jharkhand,2021-11-01,Monthly,2.96,47457782.0,54.47
Jharkhand,2021-12-01,Monthly,3.19,46754257.0,55.23
Karnataka,2019-01-01,Monthly,2.92,51889307.0,58.58
Karnataka,2019-02-01,Monthly,3.07,51736281.0,58.14
Karnataka,2019-03-01,Monthly,3.17,51383864.0,58.44
Karnataka,2019-04-01,Monthly,2.98,51770805.0,58.25
Karnataka,2019-05-01,Monthly,3.09,51629764.0,57.73
Karnataka,2019-06-01,Monthly,2.87,51302594.0,58.06
Karnataka,2019-07-01,Monthly,2.25,52542679.0,57.62
Karnataka,2019-08-01,Monthly,2.81,52456694.0,58.33
Karnataka,2019-09-01,Monthly,2.11,52098237.0,58.41
Karnataka,2019-10-01,Monthly,2.31,52206468.0,58.29
Karnataka,2019-11-01,Monthly,2.33,51779824.0,58.2
Karnataka,2019-12-01,Monthly,2.85,52052239.0,57.38
Karnataka,2020-01-01,Monthly,3.0,51752828.0,58.25
Karnataka,2020-02-01,Monthly,2.97,52144312.0,58.54
Karnataka,2020-03-01,Monthly,7.42,48550882.0,57.72
Karnataka,2020-04-01,Monthly,6.5,49924306.0,57.7
Karnataka,2020-05-01,Monthly,6.56,49859746.0,57.67
Karnataka,2020-06-01,Monthly,7.04,49627210.0,57.56
Karnataka,2020-07-01,Monthly,6.91,49146263.0,57.07
Karnataka,2020-08-01,Monthly,6.0,49302025.0,57.45
Karnataka,2020-09-01,Monthly,4.19,50658784.0,57.86
Karnataka,2020-10-01,Monthly,4.01,50909529.0,57.67
Karnataka,2020-11-01,Monthly,4.23,50760007.0,57.83
Karnataka,2020-12-01,Monthly,3.57,50713715.0,57.76
Karnataka,2021-01-01,Monthly,4.45,51036575.0,57.85
Karnataka,2021-02-01,Monthly,4.53,51088447.0,57.62
Karnataka,2021-03-01,Monthly,4.38,51204583.0,57.68
Karnataka,2021-04-01,Monthly,4.58,49192582.0,58.02
Karnataka,2021-05-01,Monthly,3.96,51019095.0,57.68
Karnataka,2021-06-01,Monthly,4.0,51256616.0,58.16
Karnataka,2021-07-01,Monthly,3.2,51249194.0,57.82
Karnataka,2021-08-01,Monthly,3.33,51002499.0,57.94
Karnataka,2021-09-01,Monthly,2.97,51376509.0,58.35
Karnataka,2021-10-01,Monthly,2.55,51998646.0,57.88
Karnataka,2021-11-01,Monthly,2.97,51072834.0,58.35
Karnataka,2021-12-01,Monthly,3.11,51533936.0,58.2
Kerala,2019-01-01,Monthly,3.16,56737356.0,56.79
Kerala,2019-02-01,Monthly,3.39,56527918.0,55.98
Kerala,2019-03-01,Monthly,3.81,56415844.0,55.99
Kerala,2019-04-01,Monthly,3.76,57335239.0,56.12
Kerala,2019-05-01,Monthly,3.62,55859633.0,55.89
Kerala,2019-06-01,Monthly,3.32,57348328.0,56.29
Kerala,2019-07-01,Monthly,2.91,56705915.0,55.81
Kerala,2019-08-01,Monthly,2.91,57220641.0,56.05
Kerala,2019-09-01,Monthly,2.63,56939209.0,56.05
Kerala,2019-10-01,Monthly,2.78,57829336.0,56.11
Kerala,2019-11-01,Monthly,2.9,56382499.0,56.4
Kerala,2019-12-01,Monthly,3.19,56281583.0,56.58
Kerala,2020-01-01,Monthly,3.76,56206058.0,55.62
Kerala,2020-02-01,Monthly,3.86,56090750.0,56.42
Kerala,2020-03-01,Monthly,8.13,53306965.0,55.14
Kerala,2020-04-01,Monthly,8.38,53538314.0,54.93
Kerala,2020-05-01,Monthly,6.96,54346540.0,55.03
Kerala,2020-06-01,Monthly,7.78,54918769.0,55.38
Kerala,2020-07-01,Monthly,6.7,54421987.0,55.89
Kerala,2020-08-01,Monthly,6.66,53682284.0,55.39
Kerala,2020-09-01,Monthly,4.91,54918482.0,55.61
Kerala,2020-10-01,Monthly,4.35,54594673.0,55.95
Kerala,2020-11-01,Monthly,4.79,56038606.0,56.11
Kerala,2020-12-01,Monthly,4.83,54844186.0,55.99
Kerala,2021-01-01,Monthly,5.0,54394003.0,55.68
Kerala,2021-02-01,Monthly,4.7,56023332.0,55.59
Kerala,2021-03-01,Monthly,5.12,56105999.0,55.57
Kerala,2021-04-01,Monthly,4.78,55384319.0,56.05
Kerala,2021-05-01,Monthly,4.86,54992680.0,55.78
Kerala,2021-06-01,Monthly,4.4,55515029.0,56.11
Kerala,2021-07-01,Monthly,4.29,56037897.0,55.46
Kerala,2021-08-01,Monthly,4.05,55930297.0,56.04
Kerala,2021-09-01,Monthly,3.17,56339809.0,56.32
Kerala,2021-10-01,Monthly,3.8,56408292.0,56.17
Kerala,2021-11-01,Monthly,3.8,56502136.0,55.84
Kerala,2021-12-01,Monthly,3.94,56461697.0,56.29
Madhya Pradesh,2019-01-01,Monthly,5.17,53677164.0,57.54
Madhya Pradesh,2019-02-01,Monthly,5.23,53230869.0,57.09
Madhya Pradesh,2019-03-01,Monthly,5.27,54417823.0,57.41
Madhya Pradesh,2019-04-01,Monthly,4.78,54595642.0,57.08
Madhya Pradesh,2019-05-01,Monthly,4.71,53846485.0,57.7
Madhya Pradesh,2019-06-01,Monthly,4.7,53982749.0,57.38
Madhya Pradesh,2019-07-01,Monthly,4.28,54154386.0,56.48
Madhya Pradesh,2019-08-01,Monthly,4.03,54069182.0,56.89
Madhya Pradesh,2019-09-01,Monthly,4.1,53873081.0,57.77
Madhya Pradesh,2019-10-01,Monthly,4.41,53715618.0,57.19
Madhya Pradesh,2019-11-01,Monthly,4.26,53649486.0,57.3
Madhya Pradesh,2019-12-01,Monthly,4.37,53210008.0,57.43
Madhya Pradesh,2020-01-01,Monthly,4.9,53273158.0,57.51
Madhya Pradesh,2020-02-01,Monthly,4.83,53728694.0,57.48
Madhya Pradesh,2020-03-01,Monthly,10.21,50547200.0,56.19
Madhya Pradesh,2020-04-01,Monthly,7.99,51618761.0,56.39
Madhya Pradesh,2020-05-01,Monthly,7.78,51437640.0,56.09
Madhya Pradesh,2020-06-01,Monthly,7.68,51726053.0,56.53
Madhya Pradesh,2020-07-01,Monthly,8.88,50676216.0,56.07
Madhya Pradesh,2020-08-01,Monthly,7.9,51545660.0,56.41
Madhya Pradesh,2020-09-01,Monthly,6.25,52232155.0,56.73
Madhya Pradesh,2020-10-01,Monthly,5.9,52887215.0,56.64
Madhya Pradesh,2020-11-01,Monthly,5.95,53174958.0,57.03
Madhya Pradesh,2020-12-01,Monthly,5.62,53166911.0,56.68
Madhya Pradesh,2021-01-01,Monthly,5.9,52884477.0,56.41
Madhya Pradesh,2021-02-01,Monthly,6.44,52607671.0,56.74
Madhya Pradesh,2021-03-01,Monthly,6.41,53630861.0,57.32
Madhya Pradesh,2021-04-01,Monthly,6.54,52928617.0,56.37
Madhya Pradesh,2021-05-01,Monthly,5.91,52603185.0,57.48
Madhya Pradesh,2021-06-01,Monthly,5.6,53741437.0,57.0
Madhya Pradesh,2021-07-01,Monthly,5.17,53832427.0,56.89
Madhya Pradesh,2021-08-01,Monthly,4.82,53152348.0,56.92
Madhya Pradesh,2021-09-01,Monthly,5.25,52645242.0,56.9
Madhya Pradesh,2021-10-01,Monthly,5.55,53544225.0,56.6
Madhya Pradesh,2021-11-01,Monthly,4.79,53662378.0,56.71
Madhya Pradesh,2021-12-01,Monthly,5.15,53131067.0,56.96
Maharashtra,2019-01-01,Monthly,4.45,52483290.0,60.82
Maharashtra,2019-02-01,Monthly,5.01,52091276.0,61.12
Maharashtra,2019-03-01,Monthly,5.17,52648126.0,60.91
Maharashtra,2019-04-01,Monthly,4.91,52544127.0,61.08
Maharashtra,2019-05-01,Monthly,5.3,52540696.0,60.61
Maharashtra,2019-06-01,Monthly,4.73,52742546.0,61.1
Maharashtra,2019-07-01,Monthly,4.23,52580791.0,60.35
Maharashtra,2019-08-01,Monthly,4.05,52982220.0,60.93
Maharashtra,2019-09-01,Monthly,4.05,53206775.0,61.02
Maharashtra,2019-10-01,Monthly,4.64,52828806.0,60.49
Maharashtra,2019-11-01,Monthly,4.23,52169831.0,61.06
Maharashtra,2019-12-01,Monthly,4.38,53229602.0,60.42
Maharashtra,2020-01-01,Monthly,4.79,52444950.0,60.47
Maharashtra,2020-02-01,Monthly,5.3,53354195.0,60.49
Maharashtra,2020-03-01,Monthly,8.81,49947637.0,60.0
Maharashtra,2020-04-01,Monthly,9.56,49249017.0,59.97
Maharashtra,2020-05-01,Monthly,8.69,50348868.0,59.63
Maharashtra,2020-06-01,Monthly,8.35,49638148.0,59.93
Maharashtra,2020-07-01,Monthly,9.33,49293800.0,59.96
Maharashtra,2020-08-01,Monthly,8.3,49932530.0,59.42
Maharashtra,2020-09-01,Monthly,6.13,50917340.0,60.01
Maharashtra,2020-10-01,Monthly,6.1,51603668.0,60.39
Maharashtra,2020-11-01,Monthly,5.5,51878713.0,60.95
Maharashtra,2020-12-01,Monthly,6.4,52346581.0,60.7
Maharashtra,2021-01-01,Monthly,6.21,51162374.0,60.69
Maharashtra,2021-02-01,Monthly,6.8,51359244.0,60.44
Maharashtra,2021-03-01,Monthly,6.74,52193992.0,60.34
Maharashtra,2021-04-01,Monthly,6.39,51514110.0,59.94
Maharashtra,2021-05-01,Monthly,6.6,51488960.0,60.56
Maharashtra,2021-06-01,Monthly,5.86,51356810.0,60.36
Maharashtra,2021-07-01,Monthly,5.59,52424333.0,60.32
Maharashtra,2021-08-01,Monthly,5.03,52141396.0,60.44
Maharashtra,2021-09-01,Monthly,4.89,52584797.0,60.34
Maharashtra,2021-10-01,Monthly,4.95,52581787.0,60.72
Maharashtra,2021-11-01,Monthly,4.75,52090509.0,60.31
Maharashtra,2021-12-01,Monthly,4.95,53210726.0,60.5
Manipur,2019-01-01,Monthly,5.57,50439482.0,59.48
Manipur,2019-02-01,Monthly,5.89,50632618.0,59.48
Manipur,2019-03-01,Monthly,5.38,49759554.0,59.36
Manipur,2019-04-01,Monthly,5.66,49701270.0,60.12
Manipur,2019-05-01,Monthly,5.76,50640636.0,59.42
Manipur,2019-06-01,Monthly,5.16,49963618.0,59.42
Manipur,2019-07-01,Monthly,5.01,49918697.0,59.5
Manipur,2019-08-01,Monthly,4.74,49658878.0,59.14
Manipur,2019-09-01,Monthly,4.62,51583421.0,59.56
Manipur,2019-10-01,Monthly,4.51,50855800.0,58.93
Manipur,2019-11-01,Monthly,5.17,50304015.0,59.37
Manipur,2019-12-01,Monthly,5.47,49795995.0,58.98
Manipur,2020-01-01,Monthly,5.34,50858766.0,58.94
Manipur,2020-02-01,Monthly,5.07,50040792.0,59.56
Manipur,2020-03-01,Monthly,9.57,48213220.0,58.41
Manipur,2020-04-01,Monthly,8.8,48197641.0,58.81
Manipur,2020-05-01,Monthly,9.52,47644771.0,58.24
Manipur,2020-06-01,Monthly,9.46,47881377.0,58.67
Manipur,2020-07-01,Monthly,9.36,47528593.0,58.59
Manipur,2020-08-01,Monthly,9.47,47393338.0,58.49
Manipur,2020-09-01,Monthly,6.32,49978696.0,59.11
Manipur,2020-10-01,Monthly,6.87,48719846.0,58.78
Manipur,2020-11-01,Monthly,5.95,48922579.0,59.5
Manipur,2020-12-01,Monthly,6.33,49316437.0,59.11
Manipur,2021-01-01,Monthly,6.44,49456997.0,59.2
Manipur,2021-02-01,Monthly,7.05,50420541.0,59.16
Manipur,2021-03-01,Monthly,7.35,49166689.0,59.49
Manipur,2021-04-01,Monthly,7.1,49662380.0,59.65
Manipur,2021-05-01,Monthly,7.06,49324389.0,59.05
Manipur,2021-06-01,Monthly,6.56,50259988.0,59.18
Manipur,2021-07-01,Monthly,6.1,49837612.0,59.4
Manipur,2021-08-01,Monthly,5.64,49062984.0,59.25
Manipur,2021-09-01,Monthly,5.61,50030478.0,59.66
Manipur,2021-10-01,Monthly,5.38,50689154.0,59.42
Manipur,2021-11-01,Monthly,6.26,49681572.0,59.21
Manipur,2021-12-01,Monthly,5.94,49597353.0,59.35
Meghalaya,2019-01-01,Monthly,4.98,53720890.0,58.99
Meghalaya,2019-02-01,Monthly,5.94,54045790.0,59.99
Meghalaya,2019-03-01,Monthly,5.28,53785306.0,59.7
Meghalaya,2019-04-01,Monthly,5.57,54364916.0,59.08
Meghalaya,2019-05-01,Monthly,5.63,54560199.0,59.58
Meghalaya,2019-06-01,Monthly,4.97,54433591.0,59.37
Meghalaya,2019-07-01,Monthly,4.52,54346479.0,59.41
Meghalaya,2019-08-01,Monthly,4.88,53327683.0,59.53
Meghalaya,2019-09-01,Monthly,4.37,54631302.0,59.57
Meghalaya,2019-10-01,Monthly,4.65,54848542.0,59.08
Meghalaya,2019-11-01,Monthly,5.08,54017651.0,58.99
Meghalaya,2019-12-01,Monthly,5.05,53224112.0,59.53
Meghalaya,2020-01-01,Monthly,5.3,54788534.0,59.65
Meghalaya,2020-02-01,Monthly,5.26,53679292.0,59.61
Meghalaya,2020-03-01,Monthly,8.88,53108922.0,58.9
Meghalaya,2020-04-01,Monthly,9.79,51444406.0,58.74
Meghalaya,2020-05-01,Monthly,8.56,52218776.0,59.03
Meghalaya,2020-06-01,Monthly,8.19,52359020.0,58.53
Meghalaya,2020-07-01,Monthly,9.74,50451940.0,58.76
Meghalaya,2020-08-01,Monthly,8.65,51048749.0,59.56
Meghalaya,2020-09-01,Monthly,7.19,52531619.0,59.17
Meghalaya,2020-10-01,Monthly,6.83,53161233.0,58.79
Meghalaya,2020-11-01,Monthly,6.36,53554157.0,59.41
Meghalaya,2020-12-01,Monthly,6.95,53209478.0,59.71
Meghalaya,2021-01-01,Monthly,6.9,53794593.0,59.49
Meghalaya,2021-02-01,Monthly,6.97,52836046.0,59.71
Meghalaya,2021-03-01,Monthly,7.06,52860109.0,59.16
Meghalaya,2021-04-01,Monthly,7.06,53395314.0,59.6
Meghalaya,2021-05-01,Monthly,6.62,53867893.0,59.55
Meghalaya,2021-06-01,Monthly,6.14,53861599.0,59.39
Meghalaya,2021-07-01,Monthly,5.82,53837669.0,59.21
Meghalaya,2021-08-01,Monthly,5.54,53289034.0,58.79
Meghalaya,2021-09-01,Monthly,5.42,52784627.0,59.06
Meghalaya,2021-10-01,Monthly,5.08,54127926.0,59.11
Meghalaya,2021-11-01,Monthly,5.58,54977352.0,59.58
Meghalaya,2021-12-01,Monthly,5.75,53617699.0,59.31
Odisha,2019-01-01,Monthly,4.93,54663041.0,56.33
Odisha,2019-02-01,Monthly,5.28,52817539.0,56.38
Odisha,2019-03-01,Monthly,5.42,54266220.0,55.5
Odisha,2019-04-01,Monthly,5.25,53676728.0,55.99
Odisha,2019-05-01,Monthly,5.1,54058737.0,55.66
Odisha,2019-06-01,Monthly,4.91,53907460.0,56.13
Odisha,2019-07-01,Monthly,4.83,53384991.0,55.52
Odisha,2019-08-01,Monthly,4.76,54186674.0,55.75
Odisha,2019-09-01,Monthly,4.75,54105149.0,56.33
Odisha,2019-10-01,Monthly,4.52,55050891.0,56.5
Odisha,2019-11-01,Monthly,4.64,54433097.0,56.17
Odisha,2019-12-01,Monthly,5.22,53364850.0,56.18
Odisha,2020-01-01,Monthly,5.4,52867942.0,55.62
Odisha,2020-02-01,Monthly,4.97,53539403.0,56.19
Odisha,2020-03-01,Monthly,9.37,51897747.0,55.46
Odisha,2020-04-01,Monthly,10.34,49882991.0,54.98
Odisha,2020-05-01,Monthly,9.11,51597908.0,55.53
Odisha,2020-06-01,Monthly,8.13,51942436.0,55.0
Odisha,2020-07-01,Monthly,8.2,51783709.0,55.92
Odisha,2020-08-01,Monthly,7.79,51748604.0,55.07
Odisha,2020-09-01,Monthly,6.03,52825339.0,55.62
Odisha,2020-10-01,Monthly,6.14,52416417.0,55.62
Odisha,2020-11-01,Monthly,6.84,52452983.0,55.36
Odisha,2020-12-01,Monthly,6.07,53104176.0,55.08
Odisha,2021-01-01,Monthly,6.57,51748675.0,55.93
Odisha,2021-02-01,Monthly,6.78,54251273.0,55.99
Odisha,2021-03-01,Monthly,6.81,51780356.0,55.52
Odisha,2021-04-01,Monthly,6.35,52654998.0,55.42
Odisha,2021-05-01,Monthly,6.17,53639479.0,56.1
Odisha,2021-06-01,Monthly,6.17,53226557.0,55.5
Odisha,2021-07-01,Monthly,5.69,54087068.0,55.64
Odisha,2021-08-01,Monthly,5.26,53952896.0,56.37
Odisha,2021-09-01,Monthly,5.26,53622800.0,55.7
Odisha,2021-10-01,Monthly,5.09,53320166.0,55.7
Odisha,2021-11-01,Monthly,5.1,53327563.0,55.11
Odisha,2021-12-01,Monthly,6.07,53134181.0,55.51
Punjab,2019-01-01,Monthly,3.05,54649790.0,58.43
Punjab,2019-02-01,Monthly,3.29,54213857.0,58.31
Punjab,2019-03-01,Monthly,3.54,53897021.0,58.29
Punjab,2019-04-01,Monthly,3.11,55034597.0,57.79
Punjab,2019-05-01,Monthly,2.96,54698885.0,58.72
Punjab,2019-06-01,Monthly,2.81,54332679.0,58.81
Punjab,2019-07-01,Monthly,2.28,53610876.0,58.38
Punjab,2019-08-01,Monthly,2.29,54272868.0,58.46
Punjab,2019-09-01,Monthly,2.37,54528240.0,57.86
Punjab,2019-10-01,Monthly,2.56,55108585.0,58.22
Punjab,2019-11-01,Monthly,2.94,54175237.0,57.79
Punjab,2019-12-01,Monthly,2.68,54587486.0,58.32
Punjab,2020-01-01,Monthly,3.02,54686307.0,57.87
Punjab,2020-02-01,Monthly,3.54,54395998.0,58.58
Punjab,2020-03-01,Monthly,8.31,51333419.0,57.47
Punjab,2020-04-01,Monthly,8.09,51944695.0,57.71
Punjab,2020-05-01,Monthly,6.58,52798487.0,57.29
Punjab,2020-06-01,Monthly,6.06,52321860.0,58.14
Punjab,2020-07-01,Monthly,5.82,52662505.0,57.09
Punjab,2020-08-01,Monthly,7.1,51803321.0,56.76
Punjab,2020-09-01,Monthly,4.0,53439227.0,58.65
Punjab,2020-10-01,Monthly,3.98,54161387.0,58.04
Punjab,2020-11-01,Monthly,4.45,53296866.0,57.79
Punjab,2020-12-01,Monthly,4.53,53536480.0,57.54
Punjab,2021-01-01,Monthly,4.68,54498556.0,57.68
Punjab,2021-02-01,Monthly,4.54,53170038.0,57.91
Punjab,2021-03-01,Monthly,4.86,53917619.0,57.83
Punjab,2021-04-01,Monthly,4.16,54539107.0,58.33
Punjab,2021-05-01,Monthly,4.32,54157871.0,58.19
Punjab,2021-06-01,Monthly,4.24,54366433.0,57.83
Punjab,2021-07-01,Monthly,3.38,54716510.0,58.03
Punjab,2021-08-01,Monthly,3.7,55019778.0,58.1
Punjab,2021-09-01,Monthly,2.76,54156243.0,58.3
Punjab,2021-10-01,Monthly,3.45,55147905.0,58.21
Punjab,2021-11-01,Monthly,2.95,54630174.0,57.98
Punjab,2021-12-01,Monthly,3.28,54230556.0,57.66
Rajasthan,2019-01-01,Monthly,4.04,52164168.0,59.79
Rajasthan,2019-02-01,Monthly,3.89,51532170.0,59.49
Rajasthan,2019-03-01,Monthly,3.86,51465689.0,59.14
Rajasthan,2019-04-01,Monthly,4.21,51097996.0,59.55
Rajasthan,2019-05-01,Monthly,3.85,51274057.0,59.67
Rajasthan,2019-06-01,Monthly,3.45,51939158.0,59.09
Rajasthan,2019-07-01,Monthly,3.32,52572974.0,59.19
Rajasthan,2019-08-01,Monthly,2.98,51933669.0,59.55
Rajasthan,2019-09-01,Monthly,3.11,51948103.0,59.68
Rajasthan,2019-10-01,Monthly,3.33,51881624.0,59.42
Rajasthan,2019-11-01,Monthly,3.43,52553451.0,59.45
Rajasthan,2019-12-01,Monthly,3.35,52057050.0,59.46
Rajasthan,2020-01-01,Monthly,3.36,51827221.0,59.33
Rajasthan,2020-02-01,Monthly,3.96,51496295.0,59.55
Rajasthan,2020-03-01,Monthly,7.52,49542758.0,58.84
Rajasthan,2020-04-01,Monthly,8.65,48096697.0,58.9
Rajasthan,2020-05-01,Monthly,8.58,48414998.0,58.66
Rajasthan,2020-06-01,Monthly,7.5,48942939.0,58.57
Rajasthan,2020-07-01,Monthly,5.94,49640491.0,58.41
Rajasthan,2020-08-01,Monthly,6.87,49991966.0,59.29
Rajasthan,2020-09-01,Monthly,5.78,49823463.0,59.0
Rajasthan,2020-10-01,Monthly,5.41,50274478.0,59.36
Rajasthan,2020-11-01,Monthly,4.53,51487080.0,59.34
Rajasthan,2020-12-01,Monthly,5.3,50620729.0,59.47
Rajasthan,2021-01-01,Monthly,4.88,50193262.0,59.65
Rajasthan,2021-02-01,Monthly,5.33,50404888.0,59.49
Rajasthan,2021-03-01,Monthly,5.65,51359748.0,58.92
Rajasthan,2021-04-01,Monthly,5.37,50462823.0,58.99
Rajasthan,2021-05-01,Monthly,5.04,50779619.0,59.7
Rajasthan,2021-06-01,Monthly,4.77,50529929.0,59.33
Rajasthan,2021-07-01,Monthly,4.09,49968053.0,59.25
Rajasthan,2021-08-01,Monthly,3.48,50453760.0,59.56
Rajasthan,2021-09-01,Monthly,3.73,51272427.0,59.67
Rajasthan,2021-10-01,Monthly,3.87,50213191.0,59.35
Rajasthan,2021-11-01,Monthly,4.16,50890913.0,59.02
Rajasthan,2021-12-01,Monthly,4.2,51677233.0,59.38
Tamil Nadu,2019-01-01,Monthly,4.04,56990277.0,57.73
Tamil Nadu,2019-02-01,Monthly,3.97,56187348.0,57.02
Tamil Nadu,2019-03-01,Monthly,4.34,55933617.0,56.95
Tamil Nadu,2019-04-01,Monthly,4.45,56027878.0,57.18
Tamil Nadu,2019-05-01,Monthly,3.96,56069320.0,57.39
Tamil Nadu,2019-06-01,Monthly,3.78,54683172.0,57.27
Tamil Nadu,2019-07-01,Monthly,3.26,56094705.0,56.84
Tamil Nadu,2019-08-01,Monthly,3.09,56890197.0,57.17
Tamil Nadu,2019-09-01,Monthly,3.22,56540693.0,57.15
Tamil Nadu,2019-10-01,Monthly,3.79,56136127.0,57.37
Tamil Nadu,2019-11-01,Monthly,3.75,57000558.0,57.04
Tamil Nadu,2019-12-01,Monthly,3.72,56736727.0,57.51
Tamil Nadu,2020-01-01,Monthly,4.27,55315079.0,57.73
Tamil Nadu,2020-02-01,Monthly,4.08,56022373.0,57.22
Tamil Nadu,2020-03-01,Monthly,7.77,53673143.0,56.56
Tamil Nadu,2020-04-01,Monthly,7.57,53042456.0,56.22
Tamil Nadu,2020-05-01,Monthly,7.04,53679064.0,55.89
Tamil Nadu,2020-06-01,Monthly,7.83,53623620.0,56.46
Tamil Nadu,2020-07-01,Monthly,7.48,54116077.0,56.12
Tamil Nadu,2020-08-01,Monthly,8.14,53604225.0,56.82
Tamil Nadu,2020-09-01,Monthly,6.11,54989730.0,56.62
Tamil Nadu,2020-10-01,Monthly,4.67,55912532.0,56.76
Tamil Nadu,2020-11-01,Monthly,4.92,54494892.0,56.99
Tamil Nadu,2020-12-01,Monthly,5.46,55446305.0,57.14
Tamil Nadu,2021-01-01,Monthly,5.14,54740304.0,56.95
Tamil Nadu,2021-02-01,Monthly,5.42,54669625.0,56.95
Tamil Nadu,2021-03-01,Monthly,5.88,55069978.0,56.57
Tamil Nadu,2021-04-01,Monthly,5.16,55465134.0,56.76
Tamil Nadu,2021-05-01,Monthly,5.16,55321408.0,57.15
Tamil Nadu,2021-06-01,Monthly,5.06,54894683.0,57.31
Tamil Nadu,2021-07-01,Monthly,4.45,55868341.0,57.37
Tamil Nadu,2021-08-01,Monthly,4.44,55073317.0,57.0
Tamil Nadu,2021-09-01,Monthly,4.15,55686945.0,57.64
Tamil Nadu,2021-10-01,Monthly,3.95,56345955.0,56.96
Tamil Nadu,2021-11-01,Monthly,3.85,56520669.0,56.69
Tamil Nadu,2021-12-01,Monthly,4.18,56065370.0,57.29
Telangana,2019-01-01,Monthly,4.65,48314293.0,59.22
Telangana,2019-02-01,Monthly,4.59,48357847.0,59.44
Telangana,2019-03-01,Monthly,4.66,47692126.0,59.42
Telangana,2019-04-01,Monthly,5.08,47917297.0,59.5
Telangana,2019-05-01,Monthly,4.6,47688028.0,58.98
Telangana,2019-06-01,Monthly,4.13,48477080.0,59.53
Telangana,2019-07-01,Monthly,4.22,48501916.0,59.48
Telangana,2019-08-01,Monthly,3.78,48969049.0,59.23
Telangana,2019-09-01,Monthly,3.61,48837069.0,59.11
Telangana,2019-10-01,Monthly,4.38,48566743.0,59.61
Telangana,2019-11-01,Monthly,3.92,48295908.0,59.38
Telangana,2019-12-01,Monthly,4.22,48670022.0,59.37
Telangana,2020-01-01,Monthly,4.78,49585132.0,59.42
Telangana,2020-02-01,Monthly,4.79,48370077.0,60.05
Telangana,2020-03-01,Monthly,7.78,44794795.0,59.01
Telangana,2020-04-01,Monthly,8.87,46710512.0,58.41
Telangana,2020-05-01,Monthly,8.68,45435021.0,58.64
Telangana,2020-06-01,Monthly,7.71,46176950.0,59.07
Telangana,2020-07-01,Monthly,7.5,45866532.0,58.84
Telangana,2020-08-01,Monthly,7.63,46300652.0,58.98
Telangana,2020-09-01,Monthly,6.16,47223879.0,59.02
Telangana,2020-10-01,Monthly,6.04,48142656.0,59.36
Telangana,2020-11-01,Monthly,5.58,46846150.0,59.49
Telangana,2020-12-01,Monthly,5.57,48121058.0,59.39
Telangana,2021-01-01,Monthly,5.97,47857378.0,59.38
Telangana,2021-02-01,Monthly,6.14,47671665.0,59.07
Telangana,2021-03-01,Monthly,6.31,47025505.0,58.91
Telangana,2021-04-01,Monthly,6.05,47093917.0,59.33
Telangana,2021-05-01,Monthly,5.98,48121981.0,59.21
Telangana,2021-06-01,Monthly,5.81,48093628.0,59.66
Telangana,2021-07-01,Monthly,4.88,48446662.0,59.7
Telangana,2021-08-01,Monthly,5.51,47465093.0,59.47
Telangana,2021-09-01,Monthly,4.98,48543396.0,58.98
Telangana,2021-10-01,Monthly,4.94,47954426.0,59.74
Telangana,2021-11-01,Monthly,5.02,48033299.0,59.07
Telangana,2021-12-01,Monthly,5.06,47574573.0,59.22
Tripura,2019-01-01,Monthly,2.59,52257727.0,56.08
Tripura,2019-02-01,Monthly,3.29,51556099.0,56.26
Tripura,2019-03-01,Monthly,3.21,51305498.0,56.43
Tripura,2019-04-01,Monthly,3.24,51143984.0,56.41
Tripura,2019-05-01,Monthly,2.85,52411842.0,55.99
Tripura,2019-06-01,Monthly,2.29,52381901.0,56.45
Tripura,2019-07-01,Monthly,2.35,52394155.0,56.15
Tripura,2019-08-01,Monthly,2.16,52440672.0,56.14
Tripura,2019-09-01,Monthly,2.42,52557847.0,56.0
Tripura,2019-10-01,Monthly,2.25,51806795.0,56.6
Tripura,2019-11-01,Monthly,2.53,51810589.0,56.65
Tripura,2019-12-01,Monthly,2.63,52531961.0,56.93
Tripura,2020-01-01,Monthly,2.75,51644063.0,56.09
Tripura,2020-02-01,Monthly,2.82,51909175.0,56.46
Tripura,2020-03-01,Monthly,8.08,49319455.0,56.22
Tripura,2020-04-01,Monthly,6.99,49869538.0,55.3
Tripura,2020-05-01,Monthly,6.37,49815368.0,55.61
Tripura,2020-06-01,Monthly,7.63,48737548.0,54.92
Tripura,2020-07-01,Monthly,6.82,49143084.0,55.63
Tripura,2020-08-01,Monthly,6.53,49216971.0,55.53
Tripura,2020-09-01,Monthly,4.58,50957607.0,56.16
Tripura,2020-10-01,Monthly,4.43,50343811.0,55.66
Tripura,2020-11-01,Monthly,4.27,51203918.0,55.98
Tripura,2020-12-01,Monthly,4.03,51625466.0,56.44
Tripura,2021-01-01,Monthly,4.4,51176313.0,55.7
Tripura,2021-02-01,Monthly,3.81,51031210.0,56.16
Tripura,2021-03-01,Monthly,3.97,51331968.0,55.98
Tripura,2021-04-01,Monthly,3.95,51138314.0,56.49
Tripura,2021-05-01,Monthly,4.05,51519464.0,56.34
Tripura,2021-06-01,Monthly,3.15,51632991.0,55.99
Tripura,2021-07-01,Monthly,3.63,52000685.0,56.15
Tripura,2021-08-01,Monthly,3.07,51446978.0,56.44
Tripura,2021-09-01,Monthly,2.76,52633552.0,56.09
Tripura,2021-10-01,Monthly,2.74,52766775.0,56.34
Tripura,2021-11-01,Monthly,3.24,52528935.0,55.79
Tripura,2021-12-01,Monthly,3.47,52425203.0,56.04
Uttar Pradesh,2019-01-01,Monthly,4.09,49246115.0,60.07
Uttar Pradesh,2019-02-01,Monthly,4.15,48523366.0,60.41
Uttar Pradesh,2019-03-01,Monthly,4.45,48656556.0,60.19
Uttar Pradesh,2019-04-01,Monthly,4.17,48564242.0,59.93
Uttar Pradesh,2019-05-01,Monthly,4.04,49407511.0,59.81
Uttar Pradesh,2019-06-01,Monthly,3.72,48207273.0,59.69
Uttar Pradesh,2019-07-01,Monthly,3.57,48625617.0,60.66
Uttar Pradesh,2019-08-01,Monthly,3.36,49652325.0,60.42
Uttar Pradesh,2019-09-01,Monthly,3.31,50089490.0,60.21
Uttar Pradesh,2019-10-01,Monthly,3.72,49705925.0,60.25
Uttar Pradesh,2019-11-01,Monthly,3.75,49246458.0,59.79
Uttar Pradesh,2019-12-01,Monthly,3.87,49371546.0,60.59
Uttar Pradesh,2020-01-01,Monthly,3.96,48998838.0,60.18
Uttar Pradesh,2020-02-01,Monthly,4.26,48839218.0,60.2
Uttar Pradesh,2020-03-01,Monthly,9.21,46459735.0,59.28
Uttar Pradesh,2020-04-01,Monthly,8.74,46056148.0,58.91
Uttar Pradesh,2020-05-01,Monthly,8.37,45748701.0,58.92
Uttar Pradesh,2020-06-01,Monthly,7.13,47201851.0,59.4
Uttar Pradesh,2020-07-01,Monthly,7.44,47285592.0,59.48
Uttar Pradesh,2020-08-01,Monthly,8.22,46715440.0,58.88
Uttar Pradesh,2020-09-01,Monthly,5.35,48132610.0,59.38
Uttar Pradesh,2020-10-01,Monthly,4.83,47546413.0,60.02
Uttar Pradesh,2020-11-01,Monthly,5.47,47300978.0,59.96
Uttar Pradesh,2020-12-01,Monthly,5.54,47423199.0,60.25
Uttar Pradesh,2021-01-01,Monthly,5.57,47116376.0,59.88
Uttar Pradesh,2021-02-01,Monthly,5.49,48240298.0,59.79
Uttar Pradesh,2021-03-01,Monthly,6.02,47833883.0,59.95
Uttar Pradesh,2021-04-01,Monthly,4.95,48657704.0,59.69
Uttar Pradesh,2021-05-01,Monthly,5.25,47801982.0,59.85
Uttar Pradesh,2021-06-01,Monthly,5.1,47166257.0,60.07
Uttar Pradesh,2021-07-01,Monthly,4.85,48923326.0,60.02
Uttar Pradesh,2021-08-01,Monthly,4.64,48888185.0,60.03
Uttar Pradesh,2021-09-01,Monthly,4.34,48475076.0,59.83
Uttar Pradesh,2021-10-01,Monthly,4.69,47755955.0,59.77
Uttar Pradesh,2021-11-01,Monthly,4.5,47389542.0,60.15
Uttar Pradesh,2021-12-01,Monthly,4.79,48347813.0,59.78
Uttarakhand,2019-01-01,Monthly,4.38,56611742.0,57.09
Uttarakhand,2019-02-01,Monthly,3.97,57261934.0,57.19
Uttarakhand,2019-03-01,Monthly,4.26,55936396.0,57.23
Uttarakhand,2019-04-01,Monthly,4.16,55688423.0,57.01
Uttarakhand,2019-05-01,Monthly,4.0,55776747.0,56.96
Uttarakhand,2019-06-01,Monthly,3.78,56020970.0,57.63
Uttarakhand,2019-07-01,Monthly,2.98,56794212.0,57.55
Uttarakhand,2019-08-01,Monthly,2.91,56150320.0,57.06
Uttarakhand,2019-09-01,Monthly,2.98,55959551.0,56.84
Uttarakhand,2019-10-01,Monthly,3.67,56789503.0,57.56
Uttarakhand,2019-11-01,Monthly,3.65,55683933.0,57.02
Uttarakhand,2019-12-01,Monthly,3.85,55537395.0,57.39
Uttarakhand,2020-01-01,Monthly,3.96,55861049.0,57.39
Uttarakhand,2020-02-01,Monthly,4.28,55794771.0,57.52
Uttarakhand,2020-03-01,Monthly,8.46,52878079.0,55.81
Uttarakhand,2020-04-01,Monthly,9.33,52842686.0,56.53
Uttarakhand,2020-05-01,Monthly,7.79,53060597.0,56.7
Uttarakhand,2020-06-01,Monthly,7.29,52816200.0,56.92
Uttarakhand,2020-07-01,Monthly,7.29,54079621.0,56.36
Uttarakhand,2020-08-01,Monthly,6.64,54648602.0,56.05
Uttarakhand,2020-09-01,Monthly,5.47,54739301.0,56.32
Uttarakhand,2020-10-01,Monthly,5.02,55416202.0,56.55
Uttarakhand,2020-11-01,Monthly,5.28,55782822.0,56.76
Uttarakhand,2020-12-01,Monthly,4.67,55789876.0,57.31
Uttarakhand,2021-01-01,Monthly,5.3,55407421.0,56.83
Uttarakhand,2021-02-01,Monthly,5.65,54884915.0,56.92
Uttarakhand,2021-03-01,Monthly,5.29,55387876.0,56.52
Uttarakhand,2021-04-01,Monthly,5.47,54813491.0,56.54
Uttarakhand,2021-05-01,Monthly,5.42,54392816.0,57.54
Uttarakhand,2021-06-01,Monthly,5.06,54902021.0,57.11
Uttarakhand,2021-07-01,Monthly,4.38,55037643.0,57.02
Uttarakhand,2021-08-01,Monthly,4.22,56281437.0,56.76
Uttarakhand,2021-09-01,Monthly,3.96,55782658.0,57.63
Uttarakhand,2021-10-01,Monthly,4.11,56199002.0,56.85
Uttarakhand,2021-11-01,Monthly,4.24,56145411.0,56.46
Uttarakhand,2021-12-01,Monthly,4.44,55838273.0,57.27
West Bengal,2019-01-01,Monthly,3.98,51921832.0,57.81
West Bengal,2019-02-01,Monthly,4.07,50926128.0,57.65
West Bengal,2019-03-01,Monthly,4.18,50742552.0,57.42
West Bengal,2019-04-01,Monthly,3.94,50251769.0,57.31
West Bengal,2019-05-01,Monthly,3.44,50652786.0,57.1
West Bengal,2019-06-01,Monthly,3.3,50891903.0,57.81
West Bengal,2019-07-01,Monthly,3.46,50116706.0,57.1
West Bengal,2019-08-01,Monthly,3.28,50483918.0,57.33
West Bengal,2019-09-01,Monthly,3.13,50517784.0,57.42
West Bengal,2019-10-01,Monthly,2.82,50674477.0,57.49
West Bengal,2019-11-01,Monthly,2.96,51122194.0,57.39
West Bengal,2019-12-01,Monthly,3.63,50913913.0,57.8
West Bengal,2020-01-01,Monthly,3.8,50487253.0,57.43
West Bengal,2020-02-01,Monthly,4.07,50653181.0,57.41
West Bengal,2020-03-01,Monthly,7.58,47880073.0,57.05
West Bengal,2020-04-01,Monthly,8.7,47126792.0,56.23
West Bengal,2020-05-01,Monthly,8.5,47685101.0,57.03
West Bengal,2020-06-01,Monthly,6.55,48469640.0,57.4
West Bengal,2020-07-01,Monthly,7.55,48030571.0,56.45
West Bengal,2020-08-01,Monthly,6.37,49082210.0,56.71
West Bengal,2020-09-01,Monthly,5.02,49751575.0,57.37
West Bengal,2020-10-01,Monthly,4.65,49435264.0,57.51
West Bengal,2020-11-01,Monthly,5.0,50537061.0,57.18
West Bengal,2020-12-01,Monthly,4.8,49785360.0,57.06
West Bengal,2021-01-01,Monthly,4.74,49635470.0,56.98
West Bengal,2021-02-01,Monthly,5.3,49918783.0,56.65
West Bengal,2021-03-01,Monthly,5.64,50744056.0,56.74
West Bengal,2021-04-01,Monthly,5.05,50664022.0,57.25
West Bengal,2021-05-01,Monthly,4.94,49674039.0,56.87
West Bengal,2021-06-01,Monthly,4.77,50073445.0,56.9
West Bengal,2021-07-01,Monthly,4.72,49582466.0,57.0
West Bengal,2021-08-01,Monthly,3.57,51126840.0,57.28
West Bengal,2021-09-01,Monthly,3.79,50567083.0,57.05
West Bengal,2021-10-01,Monthly,4.19,50711831.0,57.47
West Bengal,2021-11-01,Monthly,3.55,50164065.0,57.08
West Bengal,2021-12-01,Monthly,4.44,49306549.0,57.35
